nome,email,telefone
Edward Armstrong,julie02@hotmail.com,+1-065-263-8193x691
Anthony Evans,andersontony@hotmail.com,222-796-4751x47300
James Dixon,ilopez@lee.com,010-887-1178x885
Sandra Washington,bradley83@yahoo.com,033-173-8246
Scott Johnson,alan73@best-foster.net,988-855-7185
Michael Smith,alfredrodriguez@robles.info,(546)614-8591
Jeremiah Caldwell,annmartinez@elliott-owens.net,999.144.1520x9806
Stephanie Gonzalez,krauselisa@hotmail.com,8293451493
Keith Huber,robert97@thompson.biz,508-778-9369x413
Anthony Robinson,powellfrancisco@riley.biz,477-759-3464
Jonathan Wood,fsandoval@hotmail.com,1288619153
Tony Frost,sanderskathleen@torres-phillips.biz,001-363-958-6896x24245
Kathleen Harris,jasonmcdaniel@hotmail.com,060-627-6745
Peter Perez,paguilar@gmail.com,(832)955-3719x9665
George Harrington,daniellewebster@hotmail.com,686-901-6256x288
Marcus Henderson,vanessadavis@anderson-conley.com,600.538.7513
Jamie Reed,coryfaulkner@lopez.com,001-379-481-2138
Linda Turner,valenzuelajustin@gmail.com,001-918-557-3117
Gregory Jenkins,christinepham@garcia-jones.org,001-824-942-3048x669
Sally Washington,melissayoung@bartlett.biz,957-106-4144x32322
Bruce Ruiz,cbates@owens.info,983-819-8390x900
Megan Mitchell,nancymclean@gmail.com,359-180-3186x0643
Austin Wells MD,madisonpadilla@alexander-powers.com,659.364.0571x58922
Jordan Wilson,amywilliams@henry.com,651.068.4200x499
Terri Johnson,nsilva@houston-mckenzie.com,(553)809-4575x0145
Christine Clark,rothkelly@yahoo.com,026-478-9826x814
Peter Parks,melissawilliams@gmail.com,2272792913
Amy Mullins,millerdaniel@vaughn-andrews.com,879-955-8639x9318
Donna Espinoza,emilymartinez@hotmail.com,069-495-0721
Christopher Ray,bflores@fitzgerald-parker.net,(263)495-6412
Cory Khan,brandonbush@yahoo.com,001-337-874-9454x9002
Daniel Campbell,fisherjames@powell-brown.com,(485)598-5509
Kevin Curtis,thomas65@smith-copeland.com,148.268.1074
Robert Webb,jacobferguson@hotmail.com,682.397.9583x394
Andrea Figueroa,rebeccasavage@jones.net,979-690-0824x5753
Michael Stevenson,james11@yahoo.com,694.271.9436x12521
Alan Smith,smendoza@yahoo.com,149-907-2722
Jason Mitchell,tvaldez@howard.com,(614)173-2196
Kevin Garcia,amy76@allison.com,(085)136-4145
Daniel Ortega,tfischer@hotmail.com,001-860-827-0822x491
Monica Baker,christopher29@gmail.com,775.070.4103x9200
Nathan Mullins,grant68@morrison-howell.info,(801)681-0192
Anna Strong,jessicastark@hotmail.com,001-230-420-3968
Melissa Parsons,pearsonmitchell@gmail.com,001-703-886-0451
Sandra Lynch,qenglish@yahoo.com,+1-732-523-3940x2642
Samuel Evans,mary86@yahoo.com,(411)028-2344x366
Cheryl Sanford,jacob64@bell.net,(569)684-1936x678
Amy Gomez,longtiffany@yahoo.com,(992)082-6833x36310
Meagan Gray,chris61@hardy.com,(946)546-9000x487
Cindy Daniels,jamesjeanette@jones-valentine.com,297-414-7223x168
Erik Silva,etorres@collins.com,5882591035
Courtney Mckinney,michael61@gmail.com,104-159-7727x78284
Tammie Nolan,janeboyle@warren.com,498-979-8802
Bonnie Jones,icampos@gmail.com,613-197-1953x0691
David Palmer,marvinsimon@thomas.info,001-883-784-8376
Debbie Cook,schmidtbrent@gmail.com,(615)153-7996
Rachael Petersen MD,ecoffey@gmail.com,001-448-057-7898x2922
Ashley Contreras,jmorris@gmail.com,378.886.8847x36346
Melanie Thomas,dixonphilip@hays.com,001-197-102-0969x7491
Andrew Martinez,comptondavid@hotmail.com,585-209-5427x901
David Sullivan,michaelsmith@gmail.com,500-189-3276x40287
Cynthia Blanchard,randall46@mcneil-dunn.org,6298199765
Michael Martin,khaley@stevenson.com,001-024-717-3072x400
Dawn Hernandez,donna37@hotmail.com,(605)305-0103
Janet Sanchez,fowlerashley@hotmail.com,916.968.8129
Michael Walker,ddiaz@hotmail.com,427-572-2718x80112
Emily Boyd,crystal94@gmail.com,(836)438-3681x0505
Jeffrey Miller,bsmith@campbell.com,093.887.9191x0472
Anthony Reynolds,zrobbins@hotmail.com,0080389800
Jeffrey Decker PhD,johnschultz@yahoo.com,500.364.6843
Elizabeth Romero,velasquezchristine@robertson.org,850.871.0306x88332
Rebecca Thornton,kelly91@burke.net,323.338.2105x7561
Susan Smith,austinmartinez@chase.com,+1-675-319-6150x07162
Catherine Wilson,phillipstheresa@hotmail.com,310.822.7972x7610
Douglas Green,alejandro72@gonzales.com,001-088-118-8648x2462
Julie Stewart,xwallace@gmail.com,001-851-352-1815x47065
Rachel Aguirre,ythomas@martinez.com,001-559-028-2622x5590
Jennifer Delacruz,brett30@hotmail.com,6046211853
Robert Smith,wkeith@farrell.com,356-005-4606x09325
Anthony Meyer,wilsongina@yahoo.com,1949174853
Mark Hawkins,wardsara@hotmail.com,+1-742-260-0916x69664
Alyssa Bautista,hudsonricardo@walker.net,001-920-220-7905x418
Charles Nelson,woodwilliam@gmail.com,+1-049-840-2727x78009
Kimberly Solomon,rita87@brady-stephenson.com,703.795.7835
Crystal Roberson,normancarlos@aguilar.com,288-269-4592
Elizabeth Adams,williammarsh@hart.com,412.751.5819
Samantha Gallegos,floresangela@yahoo.com,001-372-293-5923x212
Steven Taylor,carrierichards@yahoo.com,6197244054
William Davis,eruiz@garcia.com,153-323-5589
Regina Ayala,duanejones@gmail.com,+1-885-047-5027x46486
Dalton Hansen,wilkinsonjoseph@hotmail.com,001-527-067-5096x16597
Oscar Chambers,owensalicia@gaines.com,001-850-181-4017x33369
Zoe Dougherty,tnicholson@yahoo.com,+1-728-412-1097x26677
Misty Gardner,wilsonkevin@martin-chase.com,001-110-924-1398
Brent Smith,paullong@miller.com,001-251-747-3115x7049
Maria Walker,vmitchell@kim-clark.com,7335539528
Kenneth Smith,stacey27@hotmail.com,+1-379-590-0619x24912
Amber Haynes,ifernandez@gmail.com,408-254-5089x3857
Omar Norton,anthonytownsend@peters.net,001-359-344-6703x4844
Tiffany Smith,christine11@fry.com,(329)440-3961
Brian Figueroa,michael49@mccall-campbell.biz,+1-323-112-2353x74886
Marcus Becker,michelle88@garza.org,+1-250-275-0143x01483
Alexandra Rivera,trujillomatthew@hughes.com,890-172-2870
Shane Dalton,omartin@gmail.com,548.165.4928x049
Jasmine Woods,todd73@gmail.com,001-537-153-8277x892
Laura Patrick,hunderwood@underwood.biz,001-706-817-3713x612
Chase Alvarado,margarethubbard@gmail.com,241-330-2324x51628
James Bradley,tannerpotts@yahoo.com,+1-106-923-7306x53199
Joe Brown,hollyfloyd@stein.com,401.377.1766
Lindsey Duncan,vfrye@nguyen.com,154.113.0984x5313
Angela Mcintosh,kingrachel@ryan.biz,652.826.4721
Vincent Brown,andrew25@clark-rodriguez.com,279-184-5569
Marie Daniel,ryan90@johnson.com,(161)128-0351
Linda Hart DDS,jameswhite@blake-bell.com,(691)816-5548x2688
James Wheeler,edwardsmelvin@stanley.biz,(648)836-6328
Amy Bailey,uwilliams@hotmail.com,199-966-3035x962
Megan Pierce,hogangloria@bates.com,309.434.0060
Samantha Hodges,bartonlaura@franco.com,+1-140-328-5495
Jamie Ray,amandajackson@gmail.com,4883000499
Kimberly Garcia,imcintosh@williams-coleman.com,(982)680-8249x46434
Joanna Hamilton,glennmoore@yahoo.com,(212)087-9355
Hannah Nolan,qdavies@aguilar.com,(457)660-7186x924
Sarah Gaines,andersonmichael@marks.info,987.454.9500x313
Luis Greene,briandaniels@hotmail.com,5943976058
Lori King,joshuawilliamson@gmail.com,572.139.5754
Mario Clark,katherine03@hotmail.com,5292344022
Peggy Lee,stokesdebbie@yahoo.com,4301434584
John Wells,fbates@roberts-bennett.com,+1-541-571-0670x5924
Bonnie Price,thomasrich@collins.com,0679598559
James Cox,rebecca49@mcguire.com,001-518-611-4389
Kaylee White,andersonanthony@holland.com,0696875591
Zachary Moyer,greggthomas@brooks.com,001-961-420-8035
Scott Whitehead,olarson@yahoo.com,(962)294-4575x1437
Joyce Crawford,gregorytyler@blair.info,001-891-968-4373x3557
Ian Mendoza,robert62@spencer.com,2642776612
Dr. Eugene Henry,tiffanymoore@yahoo.com,128.796.3303
Kelly Shepard,erin47@lutz-white.com,398.871.9701
Marcus Johnston,bryanttimothy@yahoo.com,181.621.5369
Mary Ramos,mckinneylori@yahoo.com,(790)151-9889
Harold Schultz,robert39@rodriguez.com,(899)711-8699x08749
Taylor Anderson,fmercado@hotmail.com,9019278228
Cindy Garza,hansenjoseph@yahoo.com,6135568158
Daniel Garcia,kenneth00@martin.net,(455)141-2644
Elizabeth Ford,ugreen@hotmail.com,(557)801-9865x837
Donna Hubbard,douglasamber@yahoo.com,+1-972-885-6760x854
Carl Rivera,xfuller@gmail.com,8619699229
Dustin Wright,schultzmark@harris.net,478.895.7634x232
Jeffrey Miles,mhoward@duran-randolph.com,6904259865
Dustin Humphrey,woodwardjessica@gmail.com,334.861.7671x56489
Nicole Smith,corey90@smith.com,+1-878-535-2175
Tina Pollard,ywhite@meyer.biz,+1-526-483-0794x56357
Michael Alvarado,qmoreno@hotmail.com,+1-181-949-1455x83170
James Rocha,brianna36@ramirez.biz,580.870.0413
Bobby Hardy,qgreen@williams.com,+1-517-079-2065
Kimberly Baldwin,tanya09@gmail.com,+1-919-275-8044x96433
Michael Miller,simpsontheresa@luna.com,(213)299-1382
Zachary Novak,tammy73@hotmail.com,499.429.5890x41029
Richard Anderson,linda56@gmail.com,467.980.4757
Becky Williams,susan02@gmail.com,690.526.5316x6584
Duane Berry,johnyoung@hotmail.com,653.623.2516x81279
Bryan Bates,sherri10@hotmail.com,149.550.7786
David Russo,jaredfields@taylor-richardson.info,+1-857-802-4312
Walter Kennedy,katrinachaney@yahoo.com,(144)070-4009
Kimberly Anderson,jacobgonzalez@hotmail.com,(694)527-8305
Diana Armstrong,pwhite@gmail.com,201.288.6806
Tyler Coleman,nealcasey@hotmail.com,201-059-7210x893
Amy Singleton,jimenezmarcus@yates-dawson.com,(466)416-6322x686
Jeffrey Vincent,brownantonio@peters-hernandez.biz,001-983-642-3902
Sean Chapman,thompsondouglas@davis-lynch.com,(650)556-3279
Dr. Benjamin Roberts,kochmichelle@richards-underwood.com,001-955-804-8860x020
Jeffrey Martin,cohenmichael@ward.org,+1-328-989-3734
Christopher Gilbert,stephanie06@harrison-ryan.com,(169)746-9385x419
Kristin Baldwin,fryshannon@yahoo.com,001-496-891-4293
Patricia Walker,alyssa21@hotmail.com,(804)828-5143
Anna Mercado,jeremywilliams@scott.com,370.205.3109x584
Sarah Spencer,christophercline@schaefer-dickson.com,+1-806-319-2993
Anthony Stone,carrdonna@hotmail.com,(441)068-2792
Stephanie Kane MD,tara72@erickson-hatfield.com,+1-442-825-1764x1670
Hector Weber MD,joycechloe@johnson.com,001-669-781-8947x627
Ryan Snow,kim34@villarreal.com,086-558-3695x992
Daniel Graham,eclark@tyler-clark.info,7253935866
Roy Marshall,robertwilliams@morales.com,(347)432-2974
Amy Banks,darrengutierrez@peterson-owens.info,874.933.5078
Russell Jacobson,madisonsummers@gmail.com,177-999-5072x881
Rebecca King,twalters@gmail.com,001-564-777-3641x170
Shannon Tran,vmiller@walker.com,963.057.9218
Brenda Johnson,pmartin@gmail.com,(291)788-9504
Julie Powers,tbrown@gmail.com,3972679770
Alexis Jarvis,samuel15@nguyen.net,214-570-0588x324
Mark Young,douglasstewart@kelly.info,(411)511-4041
John Mason Jr.,landryjose@gmail.com,6816039107
Edward Wright,jlee@tate-obrien.org,(142)592-7091x90310
Susan Adams MD,dustin78@yahoo.com,+1-337-029-4390x40928
Jennifer Ramos,whitesamantha@yahoo.com,(982)933-3497x459
David Stephenson,corey73@hotmail.com,+1-890-140-8098x528
Kelly Wolfe,bradley39@carpenter.com,(400)140-9278x9618
Rickey Ballard,fkeller@rogers.com,(647)231-8888
Mark Knox,dguzman@yahoo.com,001-753-207-4690x5681
Logan Gardner,paula33@gmail.com,001-064-213-2658x6449
Joanna Campbell,moranstacey@taylor.biz,7776562219
Mrs. Carol Jennings,carrjonathan@hotmail.com,091-200-4295x11359
Andrea Villarreal,jennasanchez@gmail.com,+1-664-129-4910
Ashley Woodward,michael08@yahoo.com,494-710-8986x1199
Jonathon Giles,davisjustin@gmail.com,273.878.4050
Samuel Henry,christian00@gmail.com,001-383-415-1692x97004
William Harris,kinglouis@gmail.com,(136)251-2228x7765
Jeffrey Rogers,autumn39@gmail.com,559-162-5358x476
Zachary Baxter,bbell@king.com,+1-477-748-2511
Paula Reed,ryanlee@stevens.com,+1-478-712-5612x493
Scott Parker,mcdowellchristopher@hotmail.com,001-199-106-1861x6716
Jerry Villarreal,mark78@hotmail.com,(761)567-9741
Adam Wallace,vshields@gordon.org,001-985-603-5159x46311
William Hogan,hflowers@sutton.com,945.379.3790x788
Vincent Robinson,mathew66@blair-sims.com,672-331-5330
Elizabeth Jones,ebrooks@yahoo.com,+1-916-017-7691x834
Donna Moore,codyjohnston@barnes.net,001-932-874-8260
Russell Baker,hbuckley@bell.biz,(025)929-4898x66226
Stacie Herrera,vegamatthew@wilson.com,975-311-8428
Travis Nelson,aimeemclean@phillips-smith.info,016-283-4986x113
Tyler Carlson,matthewbooth@gmail.com,(289)292-1837
Jack Ball,richardsonkelly@hotmail.com,+1-977-430-9958x238
Paige Maxwell,jose59@yahoo.com,186-418-5507
John Moore,randycohen@villarreal.com,700-196-1344
Megan Smith,powellcheryl@allen-orozco.com,069.916.6334
Heather Richardson,jeremy61@gmail.com,001-124-019-7944
Jordan Watson,sestrada@gmail.com,956-066-6159x686
Robin Garcia,thomasballard@gmail.com,601.599.9158x38574
Kyle Boyd,kristinjackson@decker.org,372-207-6742x87098
Mr. Robert Kennedy,angelica16@yahoo.com,204-953-8273x220
Brian Peterson,christopher28@reynolds.biz,036-804-2372x9683
Richard Hunter,patriciawhite@hotmail.com,036-880-5829
Christian Williams,brandongrimes@gmail.com,460-538-9565x9458
Angela Strong,farmerandrea@hill-day.com,001-551-078-2821x2324
Adrian Villegas,michaeljohnson@yahoo.com,+1-010-136-7434x259
Joseph Stone,morrisbrett@hotmail.com,(260)938-2015
Daniel Nelson,eric36@hotmail.com,001-486-296-4302x501
Lisa Peterson,monica69@smith.net,001-685-094-9196
Bonnie Olson,smithrhonda@gmail.com,(282)027-1680
Amanda Shaw,dbailey@yahoo.com,129-228-6353
Mary Coleman,daniel71@hotmail.com,2713312597
Chloe Castro,ambergarcia@wilkinson-parker.net,159-642-9769
Ralph Calderon,simpsonjason@yahoo.com,9588761101
Richard Gutierrez,ruthmurphy@coffey.com,(381)441-2228x300
Matthew Martin,thomas51@hotmail.com,(475)186-4643x9316
Vincent Holmes,thiggins@gmail.com,4630364684
Adam Mckee,orozcodavid@hotmail.com,(683)063-0021
Mr. Francisco Howard,charles04@hotmail.com,233-628-9015x17031
Edward Anderson,rebecca54@hotmail.com,2082675340
Tony Waters,debbie13@gmail.com,(668)689-9106x7975
Alex Dickerson,jenkinslisa@gillespie.com,+1-285-905-9233
Clifford Haas,richardsmith@smith.org,286-671-4346
Laura Vasquez,sterry@graves-moore.net,518-428-7114
Donald Joseph,jhenry@campbell.org,001-455-234-3021x57062
Michael Taylor,kayleepaul@carter-strong.org,922-137-6792
Wendy Smith,jburton@yahoo.com,(355)958-0744x1665
Robert Schneider,ohowe@morris.com,(113)886-4868x6632
Jenna Gardner DDS,mark57@watson-rowe.com,001-311-104-2818x27790
Ellen Jimenez,bakerstephen@thompson.com,279-187-7311x14614
Rachel Garcia,marissa99@gmail.com,+1-968-025-3192x21292
Patrick Hughes,yanderson@hubbard-mitchell.com,9609352370
Kelly Peters,phernandez@gmail.com,001-973-016-9452x81152
Patrick Henry,upowell@yahoo.com,509-442-8587
Kevin Huffman,davidmalone@smith.com,+1-402-678-0457x7530
Joseph Thomas,fberger@mcdaniel.com,+1-478-087-1593x99222
John White,peter82@yahoo.com,001-690-893-7595x038
Matthew Dean,laura98@howard-peck.net,(842)794-8454x474
Bill Brown,knunez@hotmail.com,349.194.2451
Karen Snyder,tammyvelasquez@hotmail.com,(467)638-5172
Donna Browning,kimberlycervantes@hotmail.com,001-771-757-7342
Christopher Lara,kristenblake@hartman.com,001-657-709-7524
Benjamin Winters,janicecarr@gmail.com,528.816.4224x601
Brian Perry,sandra10@gmail.com,8289655776
Tiffany Park,huntandrea@austin.com,(956)710-5879x447
Veronica Gutierrez,jennahogan@alvarez.biz,506-021-3093x2624
Ethan Guerrero,earlhamilton@fields.com,448.378.5854
Anita Morris,hannah96@robinson.com,+1-598-518-1376x1717
Ryan Vargas,cannondebra@hotmail.com,001-106-569-4118x26243
Samantha Russo,kfrost@hotmail.com,182.501.2585x611
Elizabeth Fernandez,arthur43@sandoval.com,+1-234-717-2967
Ashley Wilson,loretta92@hotmail.com,(570)971-1169
Anita Oneal,acarter@johnson.biz,(641)553-5266x2065
Thomas Moore,joy84@ramos.com,517-250-3721x1712
Richard Smith,floreskimberly@beasley.com,001-954-356-9301x3359
Anthony Walsh,williamsjohn@yahoo.com,+1-953-143-0987x91732
Timothy Tran,davidedwards@gmail.com,(562)608-3200
Jordan Serrano,april33@russell.com,789-779-4832x438
Albert Brown,imooney@welch.org,(490)575-1680
Ryan Oconnell,andrewalker@cruz.info,834-896-7847x27643
Nicole Oconnell,phillip05@hotmail.com,705.973.3029x868
Austin Vargas,rjames@smith-palmer.com,+1-935-243-0400
Cassandra Howell MD,yjones@gmail.com,(913)724-1308x2568
Matthew Thomas,gailgordon@gmail.com,001-045-869-8195x376
Melissa Cooper,wleon@hotmail.com,899.954.3374x13161
Fernando Blankenship,dianaguerrero@mercado.com,710.882.4122
Robert Roberts,campbellnicole@gmail.com,+1-486-510-0030x84648
Anthony Harrington,johnrasmussen@edwards.com,(946)569-5092
Sarah Lewis,ingrammichael@white.com,595-246-3894
Valerie Chapman,hpeterson@yahoo.com,448.646.8133x91399
Shannon Ward,jmcintyre@yahoo.com,203-803-5485x3000
Ryan Bryan,wyattallison@smith-davis.biz,(370)071-8168
Elizabeth Jones,vroberts@yahoo.com,+1-287-514-1350x691
Michael Chen,oadams@price.com,0386051826
Lori Martinez,keith75@hotmail.com,5664125594
Alicia Mason,julie33@gmail.com,8745220187
John Hicks,jeremy45@lane.com,001-765-462-3239x8328
Morgan Browning,arthur44@parker-morgan.com,472-587-6002x334
Alex Yang,carolinemiller@gmail.com,+1-516-632-3591x5905
David Little,ofranklin@yahoo.com,001-274-616-0938
Lisa Johnson,christopherfrazier@hotmail.com,833-896-8262
Amber Gonzalez,katherinehernandez@gmail.com,315.163.2473
Peter Anderson MD,brettrodriguez@hotmail.com,410.441.8653
Chase Frost,kempthomas@hernandez.info,1560928159
Justin Martinez,pateltonya@brown.org,367-319-2668x01470
Hannah Williams,jesseparker@holder-valdez.info,(600)906-8671x18163
Rebecca Reed,vgutierrez@yahoo.com,001-049-997-8405x60744
Michael Hernandez,valerie09@myers.com,+1-683-370-9084
Matthew Jenkins,johnsonandres@black.com,835.376.1984
Edward Mullen,medinajonathan@hotmail.com,+1-251-357-2475x64265
Christopher Hall DDS,allenkristi@thomas.biz,386-123-0062
James Skinner,christopherquinn@yahoo.com,960-164-7432
Emily Dalton,bartlettmichael@payne.biz,161-825-3217x2960
Sherry Blackburn,hmccarthy@tran.com,5069959101
Michael Wilson,melanie22@yahoo.com,(250)666-1233x2144
Logan Herrera,jillcrawford@franklin-hernandez.com,001-449-127-1908x659
Tammy Johnson,kimberlynolan@jones.com,(962)581-3114
Dawn Esparza,jeffreyhenry@hotmail.com,982-902-7520
James Hood,ethangutierrez@hotmail.com,521.275.3632x650
Cynthia Miller,angelarubio@hotmail.com,(913)261-2667x08485
Jason Tyler,whiterobert@gmail.com,5803015804
Shelly Gonzalez,william54@gmail.com,+1-110-725-2418
John Miller,courtney48@trevino.com,+1-156-622-3774
Sherri Greene,christopher44@gmail.com,406.692.6995x3924
Sarah Smith,nberry@hotmail.com,(116)906-0876
Angela Carlson,david42@yahoo.com,160-064-1623
Kelly Li,copelandjeffrey@perez-holt.org,463.834.0636
Teresa Hardy,mitchellyoder@velez.info,001-119-720-5925x961
Jennifer Hernandez,patty23@gilbert.com,386-646-6762x160
Rebecca Allen,amandahunter@allen.net,325.015.3930
Bryan Vazquez,edwardschristopher@keller-shaw.net,+1-569-555-7147x34223
Michael Vaughan,ngood@rogers.com,560-058-3763
Angel Shea DVM,john23@patel.com,+1-784-578-7368x8473
Robert Bennett,aknapp@gmail.com,682.658.4103x38644
Margaret Murray,robinsoncarlos@west.com,001-581-594-7285x91539
Max Li,elizabethsmith@torres-martinez.org,7686789212
Tim Perry,andrea41@gmail.com,+1-358-779-0523x9123
Angela Hayes,bradley51@walker.com,+1-837-720-5919
John Thomas,bakercrystal@hotmail.com,177.542.9929x31775
Michael Mitchell,ybrennan@gmail.com,309-549-6412x49394
Rachel Warner,joneslauren@yahoo.com,7209296305
Ryan Byrd,amanda70@stevens-diaz.com,433.596.3491x5304
Amy Jackson,mhicks@hotmail.com,+1-065-340-7582x95746
Alexandra Dougherty,ashleyjenkins@hotmail.com,8142451633
Michael Williams,steven38@yahoo.com,5402657264
Thomas Peterson,robinsonmary@gmail.com,+1-747-314-2097x415
Jack Owens,janicerios@yahoo.com,001-241-757-9102x6841
Robert Newman,lrubio@yahoo.com,687.342.1817x831
Jordan Davis,jenniferhayes@gmail.com,001-462-452-2038x1916
Cody Riley,frazierdonald@salas-taylor.com,+1-738-394-3592x71751
Jamie Lopez,michaellong@hotmail.com,001-417-607-9582x14890
Donald Rogers,teresa30@harvey.com,039-099-3051x45160
Daniel Potts,rbrewer@pearson.com,402.205.8018x31989
Nancy Beard,timothy49@yahoo.com,001-308-173-4112x522
Martha Jacobs,pgarcia@yahoo.com,242.807.1803x382
Joseph Brown,martinezlisa@wilson.biz,(711)503-1608
Lauren Stewart,bryannorris@gmail.com,(772)918-2629
Christine Anderson,brownmartin@gmail.com,807.665.4267x4157
Anthony Gutierrez,kimberlyhubbard@yahoo.com,+1-649-695-1190
Jason Hernandez,sergiocooper@gmail.com,(198)575-1593
Steven Pratt,burkediana@blanchard-jones.com,(515)816-9578
Amber Mcknight,anthonyerin@collier.info,994.844.0897x086
Brandon Wang,nathanieltaylor@hotmail.com,+1-122-982-3417x15376
Amy Roberts,stacy56@gmail.com,315-377-8958
Stacy Clark,udaniels@jackson.com,967.262.7857
Mr. Scott Owens,james90@alexander.com,001-199-086-2415
Tiffany Perez,debra65@cook.com,+1-822-944-9753x0261
Katherine Davidson,taylorjames@flowers.info,103-057-2860
Alexis Erickson,brandymoses@yahoo.com,6447340859
Taylor Barrett,ztaylor@hotmail.com,+1-543-123-8903x3394
Craig Mckenzie,robinsondylan@francis.biz,223.392.1350x929
Barbara Daniels,garciabrenda@hotmail.com,(936)355-4378x840
Joshua Hutchinson,anthonyfrederick@hotmail.com,728-054-7255
Rose Wheeler,rebecca78@anderson.info,(498)147-0666x8932
Sabrina Armstrong,laura11@hancock-wheeler.org,+1-345-685-8355x475
Heidi Powell,jacobsellers@arnold.biz,(276)895-9827x319
Ralph Daniels,melissaporter@yahoo.com,001-969-716-4714x216
Ashley Bird,justin28@williams.biz,853.826.2842x6590
Laura Weaver,gjordan@yahoo.com,+1-384-707-3458x3286
Charles Rojas,ahicks@hotmail.com,147.412.5102x0458
Darryl Norton,cunninghamjames@jones-jacobson.com,147.955.1335
Michael Ballard,fwheeler@garcia.com,7691151332
Tiffany Douglas,whitesamantha@gmail.com,+1-749-413-5149x17948
John Fox,hbarker@hotmail.com,647.972.1669x73251
Jeffery Torres,jane12@perez.biz,(316)153-1148x71125
Tracy Crosby,brandon41@alvarez.com,021.291.4463
Daniel Vazquez,amy99@david-jenkins.com,7488385396
Miguel Smith,jonathanmorris@shelton-atkins.info,+1-022-623-1932x664
Kelly Ramsey,mkim@hotmail.com,307-282-6555x6177
David Blanchard,maysrobert@gmail.com,6021110371
Shelby Stevens,steven91@schneider.com,+1-165-283-3274x288
Brian Anderson,tfitzgerald@yahoo.com,(045)546-8151x4196
Corey Weber,klutz@gmail.com,+1-657-830-1341x3145
Paul Thompson,vhood@yahoo.com,1150588968
Tricia Sanchez,anthonyblair@brooks.com,486.341.2767x934
Haley Rivera,projas@gmail.com,555.174.9320x167
Christopher Le,grivers@yahoo.com,428.007.7706x186
George Gonzalez,lee43@gmail.com,(437)600-7044x53112
Benjamin Hall,kellershari@hunt-taylor.com,+1-994-409-0890x311
Vincent Smith,rileysimpson@gmail.com,204-454-5499
Gregory Carter,garrisonchristopher@smith.com,534-573-5133
Jacob Hill,kathryn05@fisher-hall.com,+1-817-039-3230
William Anderson,nathaniel07@long-mercer.info,001-143-525-6132x36519
William Salinas,hernandezlindsey@gmail.com,521-024-1720x823
Suzanne Mcgee,katherine71@pittman.com,(190)594-7526x228
Tyler Hudson,rmcclure@ross-perkins.info,+1-574-028-1957
Robert Hull,hhenderson@gmail.com,(648)374-4640
Megan Bass,taylor75@gmail.com,001-795-297-7390x794
Douglas Wu,mooreshawn@gmail.com,580.123.1488x09624
Whitney Williamson,lrichardson@hotmail.com,(184)051-9510x415
Thomas Bryant,kjohnson@gmail.com,001-117-616-1010
Bruce Herrera Jr.,ipaul@miller.com,982.513.4537x47545
Christopher Roman,scottwheeler@gmail.com,+1-590-929-3517
Desiree Moore,carlos61@larson.com,139.371.6789x19702
Christie Carr,kathrynrivera@gmail.com,319.412.0552
Jacob Clark,gatesjustin@gmail.com,018.718.9116x92145
Carl Simpson,robert27@salinas-matthews.com,803.940.1423x945
Andrea Clark,johnny02@ellis.info,570.305.2141x50176
Gregory Underwood,nburgess@compton.com,821.239.2356x516
Steven Thompson,aburton@jones.org,+1-693-726-1277
Travis Key,pamela89@yahoo.com,(675)886-5847
Angela Carpenter,seanmitchell@gmail.com,(424)266-6828
Krista Perez,ajohnson@walsh.com,+1-487-077-8410x606
Richard Love,peggy17@hotmail.com,993.614.5522x7353
Michelle Price,collinsbrianna@hicks-harrison.org,521-109-3075x49797
Martin Barnes,rpayne@rojas.com,8604251745
Joseph Neal,maysjoseph@boyer-martin.net,(003)034-0165
Monica Bowen,bmckinney@mitchell.net,+1-846-190-6008
Anna Proctor,maddenkevin@yahoo.com,1808552232
Dr. Tammy Mcgee DDS,danielsmith@jenkins.com,001-234-653-5913x44043
Kyle Barry,patrick67@evans.com,111-276-4799
Thomas Perry,jessica64@williams-church.com,+1-192-585-2941
Roger Jimenez,amy94@gmail.com,4098598665
Jennifer Ortiz,robertssusan@hotmail.com,001-679-916-6400x6214
Terry Fisher,joannahickman@gmail.com,718-941-6338
Wendy Martin,xhiggins@nolan.biz,(427)404-2841x62075
Larry Roy,judy01@hotmail.com,9970339046
John Schmitt,ameyer@yahoo.com,093-790-0640x0361
Jacqueline Kerr,heather17@james.biz,+1-445-252-7675x0997
Joseph Lynn,barberdonna@yu-stokes.net,361-755-7857x2698
David Munoz,marilyn78@jones-cook.net,001-054-747-0866x7367
Austin Thompson,turnerderek@schneider-schaefer.biz,318.119.1139x332
Kathy Garner,djohnson@hotmail.com,(258)121-3331x618
Maria Diaz,jameswatson@brown.net,602.694.3447
Tonya Sullivan,ocantrell@yahoo.com,001-999-713-8766x97213
Catherine Valdez,edavis@yahoo.com,001-159-662-9708x3830
Kevin Anderson,rosalesalicia@hotmail.com,001-014-308-7230x242
Paul Frost,andrew25@ball-butler.net,5215551711
Jamie Koch,grosschristina@gmail.com,273.536.8237
Wendy Gibson,joy05@hoffman.com,(644)705-6691
Roberto Ward,michaelphelps@hotmail.com,(854)514-1431
Morgan Morris,rfaulkner@clarke-hodges.com,001-008-212-3150x725
Bonnie Simpson,bhughes@mann.com,+1-175-083-0178x565
Ashley Johnson,briana69@wood.com,8752407261
Gary Stone,gtodd@hotmail.com,067.263.7460x7115
Jonathan Olson,psherman@anderson.com,001-897-902-3655x18168
Miss Alicia Maldonado,umann@ross.net,(670)793-0586x25790
Julia Yoder,edwardpena@taylor.info,797.713.6784
Teresa Nelson,zvelasquez@yahoo.com,6838133195
Gregory Soto,alisonferrell@dawson.com,782.698.0588
Eric Deleon,cynthia56@gmail.com,001-330-601-3850
Ronald Mcknight,katelynedwards@gmail.com,(407)426-7088
Sonia Rodriguez,nicholas59@perry.com,935.704.6800x370
Courtney Watkins,christinacummings@khan.org,487-269-7362x8392
Christian Giles,johnsonhannah@hart-richardson.com,644.484.1066x2205
Charles Barber,rwalsh@salinas.com,001-017-945-7537x186
Megan Schaefer,lrusso@hotmail.com,914-779-5754x303
Jennifer Jones,hansenelizabeth@jones.com,+1-317-978-0821
Lindsay Harris,ppitts@snyder.net,628.552.6079x93932
William Waters,joseph54@hotmail.com,(595)392-0624x60985
Kathleen Mason,spencerangela@yahoo.com,+1-748-228-7271x426
David Payne,stevenmcintosh@cherry.biz,097.340.9090x732
Robert Phillips,cmartin@yahoo.com,(737)025-3798
Jose Norris,cruiz@jones.com,(922)100-7016x402
Justin Carey,ehuff@yahoo.com,+1-022-539-4185x831
Jaime Mason,trojas@wright.org,761-682-5683x71036
Zachary Gordon,dominguezcory@jones-williams.info,001-660-646-2041x36151
Patricia Harvey,melissabrock@hotmail.com,379-014-7495x3214
Shawn Diaz,tinagardner@gmail.com,8268736808
Courtney Morris,hcarr@yahoo.com,+1-053-748-3816
Kylie Jones,andersonjulia@lee.com,835-842-0796x08992
Chelsea Davis,markgarcia@smith.com,(676)235-4963
Teresa Smith,nsimon@yahoo.com,(653)392-9213x61976
Cody Rodriguez,gterry@anderson-stanley.com,418.904.3265
April Alvarez,sthornton@gmail.com,(218)698-2042
Andre Cannon,alexanderdenise@martinez.com,+1-230-894-1730x4288
Allison Wiggins,sweeneyjorge@gmail.com,+1-481-500-8403
Marcus Hansen Jr.,lopezmichelle@stanley.com,2519543031
Chad Alvarez,amanda01@scott.com,001-215-266-6795x932
Amanda Wheeler,fcollins@payne.com,411.456.1695
Nicole Hughes,ruizvincent@graham-miller.com,001-058-199-2201x22320
William Dunn,natasha64@hotmail.com,+1-018-073-7498x11383
Tiffany Moran,david24@hotmail.com,148-238-8070x4077
Michael Evans,josephjohnson@gmail.com,759-545-6254
Brandon Gallegos,jkelly@hotmail.com,2614403007
Douglas Hall,hsutton@scott.biz,(455)643-0814
Alyssa Simpson,arojas@gmail.com,+1-509-270-6065x7278
Carrie Hess,ann41@beard.com,001-322-583-2677
Martin Brown,richard60@yahoo.com,120.146.5215x2939
Madeline Black,stephanie99@yahoo.com,589.212.3888x8776
Kristi Serrano,stephen50@jackson.biz,005.305.3014x347
Nicole Miller,josephcollins@yahoo.com,080.914.3521
Michelle Ward,amyramirez@hotmail.com,(068)637-3036x680
Barbara Carrillo,lfleming@ali.info,909.665.6248
Frank Li,gsingh@yahoo.com,+1-137-337-9564x01683
Mike Alexander,renee34@hotmail.com,001-898-518-7188x478
Barbara Stewart,amelton@gmail.com,(100)510-0290x60829
Michael Gray,kimberlycaldwell@bell.org,326-736-2448x49158
Jennifer Andrade,joseph69@gmail.com,(019)869-1530
Matthew Kelly,parrishkathryn@gmail.com,+1-259-277-6705x36401
Elizabeth Griffin,frydavid@hotmail.com,647-152-2992x978
Thomas Martin,berrylance@yahoo.com,513.316.6559x2425
Alan Wagner,tross@allen-landry.biz,001-882-440-3913
Michael Lee,joshuawalker@henderson-daniels.com,001-229-759-0969x78200
Kevin Simmons,vstone@fernandez-parks.com,(220)604-8933x518
Jon Patton,gonzalezjill@hotmail.com,7937703756
Ronald Oliver,amygreen@hotmail.com,001-583-498-1840x8072
Tanya Johnson,julie67@beck-harris.com,656.431.8422
Melissa Singh,elizabeth91@lowe.com,001-170-194-9278x38599
Selena Flores,gregory76@gmail.com,001-295-198-5195x62822
Matthew Patel,jessica24@gmail.com,+1-884-064-7740
Alyssa Simmons,francis84@gmail.com,163-233-6173x903
Daniel Garcia,melissa22@gray-robertson.biz,119.401.2951x9203
Joann Gonzalez,michelle13@gmail.com,7049034320
Nicole Christensen,uwolf@wise.net,7031161769
Nicholas Jimenez,andrew65@armstrong-wagner.com,300-877-6608
Miss Megan Foster,david04@garcia-reynolds.biz,(559)138-7373x07831
Patricia Riddle,wparker@hotmail.com,1641142620
Melissa Travis,leslie15@gmail.com,001-937-673-8754x9590
Margaret Hunt,whitedavid@villarreal.org,(641)103-4640x6262
Brian Bernard,lopezalisha@yahoo.com,(321)543-0899x0988
Joel Young,rbryan@gmail.com,(011)991-5483x92502
Natalie Wood,palmerallison@gmail.com,677.700.2782
Rita Lester,bsingleton@yahoo.com,131-122-8778
Ricky Mills,fcross@gmail.com,+1-933-545-0823
Theresa Mason,guy52@hotmail.com,(430)770-0423x900
Joshua Garcia,william49@johnson.info,001-355-042-2489x62451
Paul Patterson,uramirez@hotmail.com,982.569.8779x357
Heather Matthews,reginald51@yahoo.com,+1-446-389-1101
Sarah Anderson,kimberly27@jones.com,9035921353
Jacob Pierce,ruizvictoria@yahoo.com,+1-907-532-2058x6020
Thomas Tapia,james61@cantrell.info,(106)014-7105
Andrew Richardson,sherrycline@perkins.com,374.772.6673x3911
Joseph Evans,joannward@hotmail.com,(843)542-1719x09211
Tara Soto,zbooth@johnston.net,(381)746-2689x23553
Martin Michael,boyeramanda@crawford.net,017.003.5898x6415
Richard Johnson,sloanryan@pierce.org,001-734-423-6963x67544
Kurt Chandler,rebecca57@sanders.com,001-435-600-9980x62863
Jessica Preston,wmiller@yahoo.com,(353)132-7973
Larry Hanson,hjohnson@garrett-riley.com,743-451-8289x3796
Ellen Kelley,brian23@cole.net,001-054-778-3713
Erica Jenkins,vyoung@gmail.com,(872)354-8489x9638
Theresa Zimmerman,peter16@martinez.biz,973.676.4383x01631
Julie Neal,charles67@hotmail.com,(915)432-3491x1006
Kristen Powers,eavery@garcia.com,952-127-8454x72371
Tabitha Stone,pmartin@mckinney.biz,193.698.1697x754
Jesse Diaz,lee97@mcclain.biz,(886)190-0037x6113
John Wolfe,vbarton@james-montgomery.org,001-048-844-2399x80190
Richard Perez,jenniferbenitez@gmail.com,(901)818-9216x9951
Adam Farmer,corey30@yahoo.com,093.153.9856x73087
Christopher Lopez,jjones@yahoo.com,001-622-438-3599x5778
Juan Pratt,stephen37@hotmail.com,0417569655
John Johnson,chernandez@cameron.com,(250)295-3113
Gabriel Prince,andrea82@moore.com,001-726-338-2534
Nancy Bailey,debralowe@williams-jennings.com,001-369-062-1122x3156
Tiffany Nash,victoriaschwartz@ferrell.com,770.736.5418x56215
Phyllis Wise MD,michellemeza@cooley.net,453-667-0937x887
Stephanie Bean,kennethgonzalez@moreno.com,044-598-5647x873
Kristen Aguirre,johnkrueger@bailey-adams.com,+1-424-226-7456x78564
Christopher Carrillo,dixonpaul@andrews.org,7015001640
Joseph Horne,mortonshannon@navarro-mcgee.com,136.878.1648x955
Samantha Henry,lewisdavid@gmail.com,001-108-571-7766x226
Seth Gordon,sfitzgerald@yahoo.com,224-665-6965x96799
Anthony Moore,anthony74@yahoo.com,(638)526-5300x9359
Sheila Davis,haroldallen@garcia.org,(264)523-2118x9076
David Snyder,jamesrichards@hotmail.com,+1-781-541-7028x031
Juan Garcia,paulrodriguez@yahoo.com,(831)963-8530x60138
Jennifer Oconnor,carl82@freeman.com,151-198-0246
Brett Shaw,howard10@wolfe.net,001-460-358-7441x8131
William Cain,james53@jackson-colon.com,0551077893
William Whitehead,psmith@singh-flores.com,768.540.1207
Laura Allen,harmonashley@hotmail.com,3966849125
Michael Mendez,sandramurphy@hotmail.com,186-668-6304x55645
Kathy Bray,aarcher@gmail.com,592.260.9084x371
Richard Cruz,floresjoseph@perez.com,2122807409
Stephanie Lopez,fgomez@gmail.com,221.291.0380x61350
Courtney Foley,matthew18@yahoo.com,955-956-2846x27178
Jerry Gonzalez,qmurphy@hansen-schmitt.net,640-685-0536x7045
Denise Ramirez,jim26@gmail.com,+1-951-422-3035
Todd Robbins,mooredavid@harvey-peters.net,001-157-390-3608x34737
Cynthia King,tsmith@holmes.com,(834)991-0411x174
Amy Jones,drichardson@gmail.com,+1-431-902-4373x62147
Belinda Peters,qreyes@yahoo.com,568.942.9525x876
Stephanie Cooper,jeffreybell@rogers-schmidt.com,+1-697-628-8454x1872
Faith Bass,nmoses@hotmail.com,416-749-5518
Katie Davis,marthathompson@johnson.com,(623)049-8544x9173
Gerald Hood,mperez@hotmail.com,934-058-7409x9733
Catherine Walker,brentharper@gmail.com,131-275-0480x820
James Wilson,brianthomas@gmail.com,204-682-4357x1142
Justin Perez,smithbrian@hotmail.com,198-803-0105x4725
Daniel Combs,tspencer@carroll-salas.com,445.336.9654x730
Ann Ruiz,hatfieldrobert@hotmail.com,9398323390
Stephen Hanson,murphyjeffrey@anderson.org,+1-188-844-1048
Frank Henderson,lbrooks@gmail.com,639-310-7732
Monica Beck,caseyholt@poole-chavez.net,001-830-000-2835
Nancy Rodriguez,clong@hotmail.com,444.986.4439
Marvin Ortiz,kentjodi@bush.com,001-547-938-2252x43799
Andrew Lewis,bstewart@stevens.biz,039-522-6871x309
Eric Moran,alicia64@hill.org,897.374.0186x5037
Stephanie Meyer,opowell@hotmail.com,(571)753-3078x368
Jessica Romero,ccarroll@hotmail.com,035.208.4101x94570
Glenn Snyder,johnsonmorgan@hotmail.com,(142)914-2281x709
Peggy Bryan,jennifer21@parks.com,861-906-5995
Larry Robbins,peterorr@gmail.com,684.092.6176
Matthew Greene,fullerkendra@yahoo.com,001-359-975-6565x53657
Sean Doyle,blawrence@yahoo.com,(945)116-4030x817
Jay Odonnell,cristian26@hotmail.com,(747)631-1424x7237
Brian Mason,kshannon@lucas.com,001-225-181-7583x347
James Walls,dickersondana@guerrero-zimmerman.com,(486)379-2698
Christopher Lewis,wilsontimothy@parrish.info,933.920.1244x8256
Jeffrey Garcia,jonathanchapman@lewis.com,249.635.4373x39196
Jerry Best,woodsaaron@hotmail.com,001-493-711-7504x712
Jeremy Boone PhD,jennifergay@yahoo.com,001-178-171-6469
Michael Ortega,obrown@nunez.net,8213028698
James Perez,lrodriguez@yates.com,057.683.5993
Nancy Fitzpatrick,oschultz@gmail.com,527.259.3395x028
Jeffrey Acosta,lawrence14@taylor.info,001-683-133-1630x03361
Amanda Ingram,alexislozano@salazar-long.com,+1-808-790-3574x432
John Martinez,rachelmeyer@oliver.com,+1-878-005-2982x081
Brittany White,moyerbilly@ruiz-johnson.org,136.947.0160x088
Daniel Pineda,michellejackson@benjamin-smith.biz,001-562-730-0167x1022
Anne Mathis,richard60@gmail.com,506-001-4643x689
Brian Miller,opeterson@logan.org,(440)160-9997
Tamara Bauer,preston17@yahoo.com,001-428-696-6385x83640
Cole Nguyen,lewissean@hotmail.com,+1-138-615-5560
Mrs. Amanda Carlson DDS,fischerjuan@yahoo.com,001-682-310-0824x785
Sheila Wilson,kempkeith@gmail.com,+1-137-570-5057x296
Brenda Guzman,angelatorres@gmail.com,(321)943-4529x1446
Cynthia Nielsen,lpierce@miller.com,502.114.0729
Katherine Malone,fulleralyssa@johnson.com,(005)659-2206x29159
Adam Cruz,pgregory@kirk-johnson.com,203-565-2418x373
William Day,mitchell16@gmail.com,466-788-5607x20069
Juan Morris,john46@wallace-vaughn.com,248.459.0859x97714
Nicholas Marshall,danielramirez@everett.com,(127)690-9166x9024
Jennifer Russo,amanda65@young.com,042.901.0119x82162
Andrew Davis,jamesmelissa@yahoo.com,+1-493-714-9899x015
Jennifer Maxwell,lawrencehicks@hotmail.com,921.534.1666x4178
Lisa Carlson,lori38@fuller-gutierrez.info,001-060-123-3859
Christopher Wang,keithjohnson@gmail.com,765.794.9127x819
Raymond Gomez,edwinhicks@hotmail.com,001-000-535-8542x47459
Sherry Miller DDS,wrightcheryl@hotmail.com,001-068-862-5224x9751
Emily Cooper,jeffreygarrett@johnson.com,+1-118-407-3649x9550
Sean Rivera,ufoster@bradshaw.biz,+1-861-474-7728x98509
Scott Bowman,willismorgan@stone.com,+1-948-830-6970x2897
Jim Conner,zfry@lamb-taylor.org,235-216-0434x215
Paula Hayes,floresangela@richardson-holt.com,+1-508-635-7589x530
Laura Mullen,lucaswatkins@roberts.com,001-731-844-0025x779
Megan Savage,qarnold@carter.info,+1-856-431-9730
Laurie Macdonald,kathleen72@hill.info,(952)009-5406x39470
Michael Houston,jonesjesse@hotmail.com,001-744-311-4697
Connie Ramirez DVM,stevejuarez@gmail.com,+1-966-666-1165x9306
Michael Hahn,morrissharon@young.com,092-704-0845
Amanda Adkins,zestrada@yahoo.com,+1-208-109-5728x8509
Darlene Harper,alyssa56@francis.com,+1-635-125-3249
Erica Meyer,nicolesantos@oliver-nelson.com,838.235.1181x96894
Richard Fitzpatrick,vernonmoore@little.com,(426)930-5719x331
Melanie Henry,holtjessica@lamb.com,050.484.9268x963
Brandon Odonnell,wrose@horton.org,001-582-757-3630
Anthony Gregory,allison94@yahoo.com,127.586.0442x69178
Jamie Watson,justinhouston@williams-wilson.com,8599986099
Jasmine Green,hjohnson@harris.com,+1-160-546-9207
Kathy Bennett,john62@dunn.net,(068)146-7271x835
Samantha Ward,christinacollins@hotmail.com,001-822-072-9491
Brent Brown,stephen16@yahoo.com,+1-510-704-1836
Michael Clark,markgonzalez@hotmail.com,651-134-2498x803
Tracy Hubbard,ogray@yahoo.com,0607216229
Destiny Nelson,vdominguez@johnson-cameron.com,129-231-1186x2482
Ricky Johnson,paul51@hotmail.com,405-964-3011x038
Denise Johnson,kimberly26@reed.info,+1-340-840-2058x33659
Steven Boyd,qsanchez@yahoo.com,(415)103-3414x45284
Kenneth Pierce,sleonard@hotmail.com,+1-959-407-2134
Travis Meyers,melissamunoz@yahoo.com,654.239.9256
Albert Harris,annettewebb@graves-walker.com,(502)553-9989x7358
Angela Weiss,mahoneyruth@hotmail.com,429.173.0533x624
James Lane,nthomas@mendoza.info,(820)926-0392x337
Rebecca Estrada,pamela19@hotmail.com,001-002-098-6176
Melissa Burnett,nrobinson@hotmail.com,842.819.0571
Deborah Holland,edward08@ramos-parks.net,001-385-307-0162x9469
Mark Torres,hortoncharles@hotmail.com,(994)723-3715x8192
Tracey Taylor,davidlindsey@lamb-miller.com,(038)989-6150x7542
Raymond Burke,lindseyholmes@yahoo.com,855.983.1096
Ryan Kirk,lori07@hotmail.com,339.383.9110x672
Lorraine Hutchinson,sserrano@ferguson.org,(993)787-6557
Benjamin Stevenson,iweaver@wilson-medina.com,3479150605
Kevin Crawford,bwest@johnson.net,252.427.4375x3794
Shannon Craig,mmiller@vaughn-cook.com,193.662.0602x219
Joseph Lucas,qharper@fox-farrell.com,+1-251-907-7563x0613
Dr. Zachary Mckee DVM,uevans@yahoo.com,760-859-7484x190
Kyle Murphy,cynthia78@gmail.com,895-321-6726
Daniel Turner,vcole@alvarez-sanchez.net,567.462.4634x593
Beverly Johnson,amy71@gmail.com,743.708.9433
Katherine Ward,ronnietaylor@taylor.com,+1-254-825-9055x39282
Julia Lopez,zortiz@gmail.com,109-670-2693x20101
Jennifer Smith,kthompson@pittman.biz,001-172-528-2752x716
Matthew Walsh,denise70@yahoo.com,001-206-103-3149
Tonya Stokes,ntran@gmail.com,(484)761-6182
Julie Glenn,ashley70@yahoo.com,586-246-1098x72979
Henry Pham,luis55@guerra-gardner.com,001-342-955-9451x4970
William Gordon,johnmiles@yahoo.com,(633)737-4985x022
Jane Moran,herreramichael@yahoo.com,001-478-904-3934x45109
Courtney Lee,ehampton@yahoo.com,656-354-6864x5497
Paige Howell,samuelharris@yahoo.com,(639)457-0618x76071
Mark Miller,maciasamy@allison.net,+1-246-070-5280x5609
Darlene Freeman,parkssarah@yahoo.com,588-780-0657
Dana Mooney,yvonneedwards@miranda-wolf.com,599.754.9876x1513
Anthony Snyder,pspears@wright.net,092-563-8083
Jessica Simon,nrobertson@gmail.com,268.554.0205x5482
Amy Jacobs,michaelmyers@cox.com,(116)533-5734x9686
Aaron Fisher,ryan20@miller.com,020.658.2626x38339
Ryan Osborn,williammichael@yahoo.com,+1-371-505-5465
Susan Johnson,juliasherman@hotmail.com,887.042.7758
Evelyn Keller,mwade@yahoo.com,+1-903-504-1512x269
William Brown,millerchristian@diaz.biz,625-360-3007
Penny Frederick,jameschapman@hotmail.com,745-056-2551x56629
Amy Smith,sharonstewart@hotmail.com,330-732-6738x464
Rodney Anderson,annettehopkins@yahoo.com,001-570-417-8648x818
Anita Tanner,angelabenitez@coffey.com,+1-157-296-5902x062
Debbie Barrett,tspencer@gallagher.com,+1-675-014-4402x24707
Chelsea Rodriguez,margarethart@jenkins-whitehead.com,001-076-536-9807x615
James Russell,toddstephanie@gonzales-carlson.com,+1-959-938-7694x64526
Eric Rogers,reginald23@walters.com,001-775-653-9628x754
Eric Williams,stephaniejohns@brown.net,061.448.7392x3589
Gregory Jones,zrosales@gmail.com,790.812.6096x7275
Maria Williams,rreid@pearson-camacho.info,+1-406-398-9264x28572
Nathan Sullivan,wjarvis@yahoo.com,001-650-326-6815x58387
Shannon Adams,bonnie46@king-brown.com,4021808806
Vanessa Baker,parkjeffrey@yahoo.com,892-305-6589
Emily Avery,awilliamson@hotmail.com,001-811-011-3868x89566
Edward Herring,jorge89@yahoo.com,875-578-9915
Thomas Boyd,laurenrodgers@yahoo.com,001-672-694-8606
Wayne Holmes,erictrujillo@yahoo.com,+1-833-865-0265x0398
Amanda Perry,joelhahn@gmail.com,708.898.8656
Margaret Hernandez,palmerkelli@yahoo.com,426-545-5770x6254
Courtney Thomas,ikerr@gmail.com,(257)680-3245x6690
Danielle Dillon,williamsonnathan@hotmail.com,450-211-5894x100
Rachael Orozco,shieldsmeghan@gmail.com,+1-351-559-1676
Hunter Mosley,kelly15@floyd-williams.com,146-054-4642x88085
James Nichols,pcooper@thompson.com,220-696-6489x42469
Jason Kim,mataheather@yahoo.com,534-726-6979
Kevin Butler,zneal@anderson.org,+1-127-738-2537
Bradley Smith,tchaney@pena-page.com,593.704.4548x1719
David Davis,sarah59@yahoo.com,349.169.5786
Joanna Ray,samantha19@yahoo.com,001-039-143-9227x7884
Alex Goodwin,suzannehenderson@gmail.com,+1-979-579-2644x85263
Gregory Armstrong,riverabrad@yahoo.com,001-111-848-5060x86377
Evan Evans,wilsontiffany@larson.com,+1-388-926-4035x13847
Jason Hanson,kreed@robinson.com,769.863.8574x0348
Jessica Collins,christopherfields@moore-roberts.com,2916907390
Mary Jones,ashley77@yahoo.com,804-315-5871x981
Meghan Simpson,audreyjoseph@spencer.com,001-559-685-9229x6372
Kristine Gomez,dkelly@hotmail.com,210.220.6403x955
Joseph Griffin,isaiahbutler@yahoo.com,+1-202-148-4012x2129
Stephanie Mason,hhill@yahoo.com,393.224.7577x710
Jessica Mills,larryhudson@lewis.com,932.816.7879x5790
Sarah Serrano,hannah63@hernandez.com,001-194-415-3214x1094
Jose Martin,edward71@medina.com,933.105.0238
Mrs. Sarah Wilson MD,brookerodgers@hamilton-hatfield.com,(216)002-5630x6033
Christina Anderson,joseph02@gmail.com,(838)178-2465x530
Jimmy Silva,jenniferdelgado@moon.biz,410-120-4403
Edward Jarvis,ygordon@yahoo.com,4685525180
Rebecca Miranda,sylviadixon@parrish.net,993.274.4302
Joseph Bailey,foxbrian@wright.info,001-821-753-9355
Angela Cameron MD,ksantiago@hotmail.com,(216)708-5327x86639
Russell Orr,adamspatricia@hernandez.com,001-737-070-2476x958
Denise Gilbert,chloesantos@brown-foster.com,001-812-111-7398x091
Anna Clark,jonesdeborah@hotmail.com,001-833-673-6434x93789
Tracy Garcia,tiffanymorgan@wells.com,458-568-4637
Patrick Wiggins,megandalton@hotmail.com,001-082-775-7298x0828
Gina Moran,evanspaula@smith-park.com,(503)650-0550x8914
Selena Miller,heather15@clayton-todd.com,621.173.0272
Albert Johnson,holtkendra@cantu-melendez.info,001-137-787-0422x081
Christine Padilla,joshua32@gmail.com,001-470-420-5216
Maria Aguilar,williamsnancy@martin.com,001-841-295-3836x09403
Veronica Wilkins,alexiswilliams@wolfe-roberts.info,(062)225-6090x6758
Linda Richardson,gilbertmark@hoffman-wells.com,517-676-3569
Michael Webster,wallacetodd@cox-webb.biz,+1-522-656-8651x32982
Jonathan Little,fowlercorey@christensen.com,529-147-2523x34573
Sean Leach,catherinesalazar@clark.com,(677)254-4573
Brett Powell,srivera@webb-young.com,231-655-1223x97037
Ricardo Wilson,sandradowns@keith.biz,981-483-3781
Vicki Williams DDS,caroline08@russell.com,001-595-032-3903x37432
Darlene Wallace,simscharles@smith.com,804.073.2824
Dennis Thornton,troy65@hotmail.com,983.415.5673
Thomas Stevenson,jocelyn87@burnett.com,(130)403-7815x4928
Luke Johnson,cassandra33@bond.com,(018)975-7693
Daniel Williams,marquezjennifer@evans-pena.net,7087596859
Erin Black,douglas39@fisher.net,630.021.2353x38183
Anne Black,wmcintyre@simpson.com,+1-744-789-3263x95483
Carl Snow,sotochristina@gmail.com,311.132.9068
Daniel Johnson,alyssa49@wall.info,001-817-993-2565
Cheryl Mullins,smithryan@hansen.com,841-987-6415
Mrs. Patricia Rogers MD,andersonvictoria@hotmail.com,+1-721-276-1197x9741
Daniel Trujillo,thompsonbrenda@garcia.net,364-832-9147x8414
Yvonne Roberts,hannah22@gmail.com,001-336-131-8197x888
Cody Harvey,alyssacummings@gmail.com,140.582.9015
Monica Sawyer,edwardhansen@campbell.org,642.497.2209
Pamela Riley,peter09@hicks-trevino.net,872.118.3942x4769
Mary Smith,kreyes@gmail.com,894.585.6119
Jane Lopez,robinsonjames@yahoo.com,001-877-748-4612x4918
John Blevins,qcosta@gmail.com,084.803.0854
Jose Osborne,vbennett@garcia-klein.com,(296)400-4098x2144
Hannah Johnson,tiffanycox@hunt.com,(708)091-2089
Lori Miller,joybutler@yahoo.com,+1-293-609-6215x6600
Michael Fields,lori38@smith-garcia.net,+1-894-487-5459
Jamie Valdez,rharrison@oliver.info,480.676.2067
Jessica Levine,munozcarla@yahoo.com,+1-045-307-4069
Brandon King,croman@wilson.com,001-586-071-4784x3103
Sophia Vasquez,rstout@hotmail.com,703.757.9310
Ryan Valencia,deborahblackwell@sutton-barnett.com,(120)368-4353
Katrina Harper,zholland@gmail.com,+1-710-620-9437
Patricia Maynard,larryreyes@brown.info,499.013.6134
Joseph Compton,vowens@hotmail.com,+1-664-936-4889
Michael Ingram,jacobbrooks@griffith.net,(916)534-3442x138
Jon Miller,mendozasteve@yahoo.com,(391)172-3978
Louis Caldwell,samantha55@hogan-marshall.com,890-692-2197x151
Bryan Moore,sean31@gallagher.com,067.825.6008
Brittany Mcclain,walkershawn@bryant.com,248-733-3738x70802
Michael Blankenship,vanessamoore@gmail.com,+1-854-877-3454
Jessica Peterson,robin68@yahoo.com,+1-797-652-5192x042
Paul Johnson,fcollier@mccann.com,+1-753-757-3423
Rodney Martin,erinmiller@yahoo.com,(002)597-8307
Jay Brown,daisyclark@phillips.com,(315)471-8187x339
Susan Fritz,barbararomero@sosa-lane.org,433-391-8638x28056
Aaron Calderon,anthony69@yahoo.com,742-381-7313x5814
Brandon Williams,david61@carroll.biz,220.622.9872x14894
Alejandro Murphy,michelle23@hotmail.com,(578)919-1415x9537
Ethan Hunt,sarahhernandez@hotmail.com,040.273.1588x349
Ryan Michael,douglas66@martin.net,205-362-1084x0472
Erica Schmitt,danielle47@hotmail.com,763.768.3421
Carl Baker DVM,rebecca73@love.biz,001-569-654-8073x631
Tonya Yates,sgreen@grant.org,159-685-5093
Audrey Wong,jack51@hotmail.com,+1-424-303-5670x149
Chelsea Rodriguez,connie78@yahoo.com,001-650-768-4737x46509
Brittany Moore,awatson@yahoo.com,520-110-5113x80666
Scott Lewis,davistimothy@thomas-armstrong.com,(790)054-2688
Dawn Hill,aaronbean@yahoo.com,(090)046-3327x7704
Angel Hines,cainkelly@hotmail.com,(547)862-2610
Linda Stokes,uharrington@allen-terry.com,844.238.0329x496
Mario Daniel,gina63@hotmail.com,+1-385-317-4577x472
Devon Smith,jasonthompson@yahoo.com,001-250-463-7365
Rebecca Clark,ktorres@gmail.com,(468)842-3109
Kayla Perez,sandraleon@hotmail.com,173.888.6304
Michelle Kidd,gallagherlisa@galloway-garcia.info,003-773-0847x192
Justin Valentine,sharonmurphy@yahoo.com,6914579648
Jose Ellis,burnsgabriela@hopkins.com,874-714-4697x0237
Edward Bailey,humphreykelly@stone.com,206-807-5875
Kristin Russell,gfrazier@gmail.com,001-701-343-5306x6258
Bill Olson,jweeks@yahoo.com,643-671-5359x596
Robert Owens,sophia92@hurst.com,+1-024-855-6238x283
Alisha Fuller,garciachad@yahoo.com,128-248-4240x00403
Sean Robles,amycoleman@hotmail.com,(815)569-2511x7604
Joe Powell,iadkins@trevino.com,012-782-7194x985
Isaac Cochran,nsullivan@bowman.net,355-297-4073x35838
Taylor Sanders,scottchavez@morales-holland.com,692.525.0673
Jennifer Anderson,stephen47@douglas.org,438.032.4828
Stephen Hardin,wmunoz@hotmail.com,303.073.3519x079
Ashley Burgess,lawrencejessica@hotmail.com,(248)599-9561
Tammy Perkins,jesselarson@thompson.com,+1-354-271-0975x7898
Crystal Hamilton,christophershaw@bowen.info,325-420-4862x018
Ryan Diaz,emilyhernandez@vincent.com,+1-675-689-8632
Paul Murphy,robertrios@gmail.com,9956606239
William Schwartz,xhansen@yahoo.com,001-569-220-3491
Eric Smith,jesse85@yahoo.com,104.111.7821x81762
John Murray,kimberlypope@hotmail.com,001-674-298-7882x72591
David Sanders,tuckerwilliam@lee.com,(752)310-5273x9805
Robert Mccullough,aprilsmith@yahoo.com,858.638.3099
Daniel Cox,bleach@hamilton-duncan.com,001-510-103-7401x29216
Kristen Perez,anthony33@gmail.com,444-337-4163x0741
Zachary White,jwilliamson@yahoo.com,(859)490-6918x242
Olivia Castro,cmurphy@hotmail.com,001-984-874-3155x032
Michelle Martin,youngdavid@hotmail.com,265-514-4614
Jennifer Bell,valenzuelaandrea@lynch-green.com,725.543.1381x80233
Timothy Stanley,vjones@yahoo.com,(547)336-4446
Courtney Sullivan,leethomas@richmond.org,001-515-029-9128x72267
Justin Sanchez,pricejason@hotmail.com,(795)263-1478
Troy Long,ayersjamie@garrett.com,+1-258-332-3553x817
Nicole Harvey,james09@golden.com,001-080-377-4493
Stephanie Johnson,makaylasmith@yahoo.com,(412)030-3519
Wanda Morgan,kaitlinconner@hotmail.com,732.426.3644x628
Kristen Cordova,kimberlyhall@brooks.info,(473)759-8497
Michael Banks,jeremy86@rodriguez-king.com,400.504.8710x35188
Regina Hanna,fthomas@lin.com,258.983.0566x3351
Bonnie Gordon,smithadam@yahoo.com,531.834.8831
Dawn Schmidt,kevinallen@norman.org,914-329-5523
Christopher Bush,james24@graves.org,(720)151-6572x715
Mark Holmes,gwilliams@gmail.com,001-896-084-4077x084
Ruben Johnson,jackpeterson@saunders.com,636.461.1489x991
Debra Hensley,theresajackson@short.com,+1-828-355-1837
Edward Hicks,ronaldanderson@hotmail.com,+1-316-069-6116
Joseph Webb,thompsonrebecca@butler.net,2867713886
Michael Martinez,poolejames@hotmail.com,6895343737
Robert Pugh,popebrandi@yahoo.com,890.345.9428x7373
Tyler Mendoza,ricederrick@gmail.com,+1-661-528-6912x611
Richard Martin,stephanie51@estrada-schmidt.info,(170)175-9427x77377
Janice Carroll,bradfordpatrick@pittman.com,(424)967-7479
Stephen Phillips,newmanamy@yahoo.com,959-717-6130x21065
Daniel Butler,krobinson@scott-chandler.net,3806778377
Ashley Weaver,pnelson@yahoo.com,(366)657-9187
Christopher Stephens,gonzalezmichael@schultz-brown.com,643-586-7158x87275
Matthew Johnson,keith18@olson-johnson.com,(699)538-1029
Tammy Hunter,jamielopez@yahoo.com,4295674917
Connie Hughes,williamchung@bartlett-harvey.com,001-502-513-0635x6119
Melissa Long,kelly70@hotmail.com,001-190-160-3262x3704
Daniel Anderson,shawnpark@hotmail.com,826-595-9705x4165
Patrick Moore,kristen93@brown-dorsey.com,001-234-071-5547
Brian Smith,michellecampbell@braun.com,747.195.2896x4542
Krystal Clark,allison61@gmail.com,976.066.2388x87064
Michael Clark,maria07@yahoo.com,001-582-441-2117x674
Linda Gonzales,sherryjones@doyle-cook.biz,+1-145-084-8686x691
Joseph Thomas,sonyawelch@brown.com,652-588-6149x1905
Nichole Garcia,goodvicki@davis.info,585-278-0486x20977
Antonio Jackson,dcardenas@brock.com,485.068.2816
Monica Mullen,angela74@lewis.biz,390.261.7029
Thomas Contreras,anthonyroger@hotmail.com,001-808-059-4776x2413
Gregory Benitez,adam89@davila.com,353.090.2441x61354
Shannon Johns DDS,christian35@underwood.com,267.704.6102x49356
Christopher Mcbride,wongtyler@gmail.com,227-254-4712
Jennifer Parker,ruizkari@roberts.biz,(399)622-5815x717
Jose Brennan,thomasmendoza@davis.com,903.539.0227x8323
Ashley Weiss,irios@yahoo.com,855.480.6794x8961
Robert Miller,shane78@casey.com,066.027.3026x9001
Melissa Turner,craigdaniel@gmail.com,0432491525
Mrs. Crystal Lewis,campbellbryan@yahoo.com,868.175.8502x0167
Stuart Ortega,newmanwilliam@johnson.biz,003.191.3999x94375
Lori Reed,marc25@hotmail.com,394-934-1935
Nathan Lynch,susanmueller@richard-cooper.com,226.310.8936x79780
Colleen Peters,michelemiller@yahoo.com,936.681.1608
Clinton Foster Jr.,crawfordjoanna@hotmail.com,784.466.7923x211
Frederick Baldwin,mark51@hotmail.com,113.811.3206x307
Eric Chavez,evanlevine@yahoo.com,+1-635-074-3033
Heather Smith,ralph66@bauer-zamora.com,001-083-462-3264x97800
Andrew Cruz,xjohns@hotmail.com,001-347-597-9198x7525
Elizabeth Young,andrewking@gmail.com,(753)654-4776x7722
Melinda Larson,fordshawn@alexander.org,(255)672-8289
Michael Wilkins,baileydanielle@robinson.biz,837.564.0123x5518
Yvonne Hill,masonodom@gmail.com,001-088-007-5819x002
Carol Phillips,natasha13@hensley-camacho.info,(303)610-0415x62156
Sharon Martinez,tracy91@lawson.biz,001-211-411-8344
Tyler Jones MD,jacobholt@sandoval.com,9385188839
Ariana Shepherd,millsangela@mullins.biz,001-689-202-6655x4108
Roger Rogers,wlittle@yahoo.com,+1-501-502-6916x28545
Matthew Yu,ymartinez@hotmail.com,901-149-2614x66344
Walter Smith,brownelizabeth@hotmail.com,+1-329-275-9212x487
Patrick Ortiz,xklein@king.com,(066)692-7945x415
Chelsea Davila,milleramy@lee.info,930.770.5656x60026
Shawn Perez,porterjames@herrera.biz,(930)569-9511x3889
Zachary Alexander,christopherwhite@murphy.com,(147)036-9616
Daniel Coleman,jaimecarlson@villanueva.org,695-339-1445
Jacqueline Davis,reynoldsjames@frost-brown.net,+1-590-986-9312
Shawn Terry,davidrussell@smith.com,096.148.0354
Carrie Walker,vcoleman@gmail.com,422.667.8382x746
Maria Coleman,morriscarolyn@bowman.com,768-354-9710
Kevin Phillips,thomas24@yahoo.com,946.446.5032
John Garza,sgarrett@gmail.com,(122)155-9267x0128
Michelle Carey,charles30@johnson.com,3412921480
Reginald Huber,jeffgibbs@yahoo.com,3949309859
Jeffrey Armstrong,gary19@hotmail.com,(183)198-6428x03027
Anthony Flores,rebeccaward@fitzpatrick-chavez.com,659.830.9814x93273
Gregory Morris,samuelbell@warner.net,9170691449
Leah Jones,manuelmontgomery@perez.com,+1-961-951-9185x102
John Kirby,bairddeanna@hotmail.com,+1-556-562-5417x1250
John Wagner,montoyadanielle@estrada.com,+1-727-259-2434x058
Michael Bailey,sheltonmason@watson.com,706.864.4498x7560
Breanna Robinson,jdavis@gmail.com,(624)727-3530
David Andersen,frose@farmer.com,001-243-949-2822x494
Anthony Perkins,cmills@miller.org,033-872-1082x5584
Robert Bennett,jacob97@zimmerman-horne.com,(222)377-8505x5461
Erin Meyer,jessicaavila@hotmail.com,+1-228-001-0160x002
Jessica Choi,lalexander@yahoo.com,(065)753-6832x7668
Joshua Cruz,michael76@mason.net,482.381.1488
Anna Bean,cooperlisa@lane-johnson.com,(478)709-6744x781
Hailey Bennett,samueldaniel@gmail.com,+1-898-049-4864x94426
Nancy Brown,larrywatson@yahoo.com,264-117-2312
Joseph Kirby,lopezrachel@gmail.com,546-519-8837
Kimberly Duffy,stevenbrown@lee-lynch.com,+1-878-946-7274x7049
Melissa Wilson,reillytony@herrera.com,053-031-7904x771
Alan Floyd,mirandamelissa@yahoo.com,5767067410
David Kim,robertcollins@yahoo.com,862-560-2746x395
Robert Benton,santossusan@hotmail.com,(900)646-7253
Dawn Young,larryherman@hotmail.com,001-113-300-8482x96774
Jose Nelson,ericasexton@bennett.net,466.392.8592x25056
Sara Smith,annjohnson@gmail.com,001-972-528-6575x721
